Dataset Name,Test Loss,Test CohenKappa,Test QWK,Test Multiaccuracy,Test F1-Score,Test Specificity,Test Confusion Matrix
aptos2019,0.003915590903981666,0.09701902,0.58272076,0.2605134,0.20479113,0.82605326,"[[377 949 461  18   0]
 [ 26  69 195  80   0]
 [ 14  53 340 592   0]
 [  0   3  22 168   0]
 [  3   8  40 244   0]]"
ddrtest,0.00368421763998297,0.14296854,0.5758707,0.35541368,0.22938827,0.8379859,"[[861 904 115   0   0]
 [102  65  15   7   0]
 [319 437 374 214   0]
 [  2   6  27  36   0]
 [  5  13  47 210   0]]"
fgadr,0.0035474812945636165,0.22080803,0.51191187,0.4451683,0.30359215,0.8446176,"[[  6  63  32   0   0]
 [ 13 109  81   9   0]
 [  7 141 334 113   0]
 [  4  44 228 371   0]
 [  1   8  77 201   0]]"
idridtest,0.028025453530468987,-0.05014825,0.017727554,0.16504854,0.08243728,0.78847826,"[[ 0  2 10 22  0]
 [ 0  0  3  2  0]
 [ 1  1  3 27  0]
 [ 0  1  4 14  0]
 [ 0  2  2  9  0]]"
retinal-lesion,0.0047031507055039536,0.18544233,0.46432275,0.43063402,0.29677585,0.8444208,"[[ 50  91  23   2   0]
 [103 170  62   2   0]
 [112 259 415 143   0]
 [  1   8  39  51   0]
 [  0   5  17  40   0]]"
kaggletest,0.0031465068782143084,0.1772244,0.45005834,0.5715059,0.2754511,0.8536122,"[[27175  8455  2752  1151     0]
 [ 2432  1001   261    68     0]
 [ 2644  2370  1980   867     0]
 [   85   197   469   463     0]
 [   63   108   265   770     0]]"
