Dataset Name,Test Loss,Test CohenKappa,Test QWK,Test Multiaccuracy,Test F1-Score,Test Specificity,Test Confusion Matrix
aptos2019,0.0036544705075295747,0.23642969,0.68797183,0.41398144,0.2975922,0.8606123,"[[761 776 261   7   0]
 [ 24  42 268  36   0]
 [ 11  39 562 387   0]
 [  2   1  42 147   1]
 [  2   4  69 216   4]]"
ddrtest,0.003639703863762452,0.2554714,0.6396923,0.4772546,0.30492085,0.8634614,"[[1253  591   36    0    0]
 [  91   70   22    6    0]
 [ 363  415  418  146    2]
 [   2    9   25   35    0]
 [  14    6   43  194   18]]"
fgadr,0.003944122118230233,0.2000885,0.48406154,0.41150922,0.30970368,0.8403752,"[[ 17  65  19   0   0]
 [ 20 142  47   3   0]
 [ 33 206 331  25   0]
 [ 15  43 321 268   0]
 [  3  12 116 156   0]]"
idridtest,0.028323039267827005,-0.034288526,0.08618504,0.2038835,0.16438581,0.79208237,"[[ 2  7 13 12  0]
 [ 0  2  3  0  0]
 [ 4  2 12 11  3]
 [ 1  1 11  5  1]
 [ 1  1  5  6  0]]"
retinal-lesion,0.005000993581365955,0.20321554,0.45503312,0.43816698,0.3174236,0.8522494,"[[ 91  51  22   2   0]
 [201  93  39   4   0]
 [219 166 462  82   0]
 [  6   5  38  50   0]
 [  0   2  18  40   2]]"
kaggletest,0.0034832887899987784,0.1628164,0.40219343,0.57148725,0.27371132,0.84802055,"[[27186  7810  3570   954    13]
 [ 2503   912   291    53     3]
 [ 2964  2153  2214   519    11]
 [  151   183   603   277     0]
 [  101    97   367   612    29]]"
