Dataset Name,Test Loss,Test CohenKappa,Test QWK,Test Multiaccuracy,Test F1-Score,Test Specificity,Test Confusion Matrix
aptos2019,0.0034375532216416363,0.25717908,0.7409996,0.41998908,0.33194953,0.866455,"[[850 889  59   7   0]
 [ 20 120 194  36   0]
 [ 14 101 398 477   9]
 [  0   3  31 148  11]
 [  7  14  53 199  22]]"
ddrtest,0.003911657674606254,0.15386248,0.5570413,0.36366054,0.29284954,0.83933246,"[[913 957  10   0   0]
 [102  74  10   3   0]
 [367 558 298 120   1]
 [  3   9  19  36   4]
 [ 13  28  60 128  46]]"
fgadr,0.004176395335492559,0.1784733,0.4645608,0.3756786,0.30280724,0.83663756,"[[ 11  78  11   1   0]
 [ 16 163  31   2   0]
 [ 16 299 241  39   0]
 [ 12 108 256 252  19]
 [  5  34  77 146  25]]"
idridtest,0.02847706229941359,0.024505675,0.035379887,0.22330096,0.18488517,0.80417776,"[[ 0  7 14 11  2]
 [ 0  2  2  1  0]
 [ 0  6 13  9  4]
 [ 0  3  8  6  2]
 [ 0  3  6  2  2]]"
retinal-lesion,0.005721807629524801,0.12840617,0.3949182,0.29190207,0.24999157,0.8338723,"[[137  26   2   1   0]
 [277  47  11   2   0]
 [402 186 209 132   0]
 [ 14   4  11  70   0]
 [  4   3   7  46   2]]"
kaggletest,0.003199898786770509,0.16240305,0.43280107,0.5887711,0.28706014,0.84727705,"[[28607  8512  1947   445    22]
 [ 2658   935   137    30     2]
 [ 3271  2579  1644   360     7]
 [  164   257   474   314     5]
 [  115   161   358   528    44]]"
