Dataset Name,Test Loss,Test CohenKappa,Test QWK,Test Multiaccuracy,Test F1-Score,Test Specificity,Test Confusion Matrix
aptos2019,0.004227162872358204,0.0914821,0.5895115,0.25095576,0.21794175,0.82409954,"[[ 304 1023  461   17    0]
 [  16   50  237   65    2]
 [   5   27  380  582    5]
 [   0    0   20  166    7]
 [   2    4   45  225   19]]"
ddrtest,0.0038807763479973096,0.13932449,0.5634892,0.30353817,0.2746609,0.83593625,"[[ 521 1218  135    5    1]
 [  56  110   17    5    1]
 [ 175  539  422  201    7]
 [   3    4   17   44    3]
 [   8   16   49  158   44]]"
fgadr,0.0038159995073863144,0.25069523,0.53847504,0.4408252,0.34705487,0.85184747,"[[  7  83   9   2   0]
 [  6 154  42  10   0]
 [ 11 257 237  89   1]
 [  5  81 165 371  25]
 [  2  30  45 167  43]]"
idridtest,0.03533829994572019,-0.018841147,0.03932309,0.18446602,0.12903704,0.79518175,"[[ 0  3  8 22  1]
 [ 0  0  3  2  0]
 [ 1  1  5 18  7]
 [ 0  1  4 12  2]
 [ 1  1  2  7  2]]"
retinal-lesion,0.004966907133041353,0.18326432,0.4472112,0.3854363,0.3363766,0.84486985,"[[ 54  90  18   4   0]
 [126 160  38  13   0]
 [169 228 316 215   1]
 [  4   6  15  74   0]
 [  2   3  12  35  10]]"
kaggletest,0.003605270601127047,0.10255855,0.37058663,0.36865386,0.25918204,0.83380497,"[[14598 20150  4149   581    55]
 [ 1293  2048   365    52     4]
 [ 1393  3197  2629   620    22]
 [   65   181   535   426     7]
 [   70    76   326   684    50]]"
