Dataset Name,Test Loss,Test CohenKappa,Test QWK,Test Multiaccuracy,Test F1-Score,Test Specificity,Test Confusion Matrix
aptos2019,0.003893344080689043,0.14163482,0.5953428,0.30256692,0.25136888,0.8346034,"[[ 286 1334  181    4    0]
 [  32  114  208   15    1]
 [  27  125  599  247    1]
 [   1    5   83  103    1]
 [   5   13  119  152    6]]"
ddrtest,0.00384442249363044,0.2519012,0.60834944,0.480979,0.32899958,0.861621,"[[1267  573   35    4    1]
 [ 107   63   15    4    0]
 [ 377  465  409   92    1]
 [   3    5   29   34    0]
 [  14   15   79  132   35]]"
fgadr,0.0045252155015057,0.09948462,0.43596405,0.31378937,0.2631076,0.81933665,"[[ 39  50  12   0   0]
 [ 57 125  28   2   0]
 [ 83 269 221  22   0]
 [ 10  75 369 193   0]
 [  1  33 148 105   0]]"
idridtest,0.028664834291032216,-0.059904456,-0.047013998,0.18446602,0.12327858,0.78670144,"[[ 0  6 17 11  0]
 [ 0  1  4  0  0]
 [ 3  4 13 11  1]
 [ 1  3  9  5  1]
 [ 1  2  7  3  0]]"
retinal-lesion,0.0043728110630109635,0.2128666,0.46525526,0.50596356,0.31346,0.84499717,"[[ 19  87  59   1   0]
 [ 32 177 123   5   0]
 [ 36 190 559 144   0]
 [  0   1  48  50   0]
 [  0   0  22  39   1]]"
kaggletest,0.0033285379948252186,0.1758979,0.4218349,0.617646,0.28828236,0.8479549,"[[30067  6166  2869   387    44]
 [ 2864   672   203    20     3]
 [ 3542  1976  2074   262     7]
 [  162   213   610   228     1]
 [  133   104   474   445    50]]"
