Dataset Name,Test Loss,Test CohenKappa,Test QWK,Test Multiaccuracy,Test F1-Score,Test Specificity,Test Confusion Matrix
aptos2019,0.003675714599051025,0.13881719,0.6366389,0.3123976,0.22758977,0.83893394,"[[599 772 424  10   0]
 [  9  41 232  88   0]
 [  8  25 340 626   0]
 [  0   1  28 164   0]
 [  0   2  36 257   0]]"
ddrtest,0.003541778839468544,0.1810348,0.5907122,0.4009045,0.25319892,0.8462393,"[[913 799 168   0   0]
 [ 86  63  37   3   0]
 [325 338 495 186   0]
 [  1   5  29  36   0]
 [  5   7  39 224   0]]"
fgadr,0.003798295051085962,0.17757785,0.4874041,0.4039088,0.30521464,0.83530813,"[[ 20  60  21   0   0]
 [ 26 113  70   3   0]
 [ 34 158 366  37   0]
 [  9  28 365 245   0]
 [  1   8 125 153   0]]"
idridtest,0.02548727017004513,0.024644852,0.05177629,0.24271844,0.14178275,0.805006,"[[ 1  2 12 19  0]
 [ 0  0  3  2  0]
 [ 1  1 11 19  0]
 [ 0  1  5 13  0]
 [ 0  1  4  8  0]]"
retinal-lesion,0.0049491133692873696,0.14098847,0.42251223,0.36974263,0.26956248,0.83636636,"[[108  42  16   0   0]
 [225  76  35   1   0]
 [263 218 361  87   0]
 [  7   8  40  44   0]
 [  0   3  24  35   0]]"
kaggletest,0.003188882656679129,0.17699957,0.4248433,0.56060547,0.27594993,0.85310805,"[[26087  7649  4477  1320     0]
 [ 2336   903   458    65     0]
 [ 2504  1858  2574   925     0]
 [   84   124   535   471     0]
 [   53    71   306   776     0]]"
