Dataset Name,Test Loss,Test CohenKappa,Test QWK,Test Multiaccuracy,Test F1-Score,Test Specificity,Test Confusion Matrix
aptos2019,0.0037923306470878265,0.17891264,0.67925966,0.3416166,0.28407186,0.84708893,"[[ 588 1018  195    4    0]
 [  17   80  213   60    0]
 [  13   71  409  503    3]
 [   0    5   28  153    7]
 [   3    6   70  195   21]]"
ddrtest,0.0040216287040558225,0.18087703,0.58007467,0.4027667,0.31566167,0.8443847,"[[1021  791   68    0    0]
 [  93   74   19    3    0]
 [ 427  425  321  168    3]
 [   4    6   18   40    3]
 [   3   32   38  144   58]]"
fgadr,0.003527363529681642,0.2593056,0.5737013,0.4587405,0.3480066,0.85379386,"[[ 19  66  14   2   0]
 [ 38 112  56   6   0]
 [ 27 202 271  95   0]
 [  6  43 169 426   3]
 [  1  18  57 194  17]]"
idridtest,0.0310690935375621,0.05304104,0.04879713,0.24271844,0.18008773,0.8107923,"[[ 0  4 10 19  1]
 [ 0  1  2  2  0]
 [ 0  2 10 16  4]
 [ 0  2  3 13  1]
 [ 0  2  3  7  1]]"
retinal-lesion,0.004856018397468332,0.20718467,0.48982954,0.42812303,0.35819823,0.85100156,"[[ 81  56  27   2   0]
 [174 120  40   3   0]
 [162 218 407 141   1]
 [  2   6  26  65   0]
 [  1   3  13  36   9]]"
kaggletest,0.0033823349025688437,0.16201401,0.444067,0.54078317,0.2868948,0.8514537,"[[25400 10591  2660   865    17]
 [ 2390  1114   212    43     3]
 [ 2252  2956  1992   657     4]
 [   80   237   473   420     4]
 [   58   153   313   635    47]]"
