Dataset Name,Test Loss,Test CohenKappa,Test QWK,Test Multiaccuracy,Test F1-Score,Test Specificity,Test Confusion Matrix
aptos2019,0.003619710712859957,0.18769813,0.67826486,0.35800108,0.28059694,0.8486822,"[[639 925 236   5   0]
 [ 39  77 207  47   0]
 [ 24  47 429 497   2]
 [  0   2  34 155   2]
 [  5   3  58 218  11]]"
ddrtest,0.003738011252090442,0.21563637,0.6023046,0.44506517,0.335849,0.8519487,"[[1137  665   77    1    0]
 [ 116   53   13    6    1]
 [ 417  355  375  180   17]
 [   2    6   21   39    3]
 [  17   16   35  138   69]]"
fgadr,0.003984253970859623,0.15891808,0.44204676,0.38762215,0.28074187,0.83140534,"[[ 12  68  20   1   0]
 [ 19 124  69   0   0]
 [ 23 165 389  18   0]
 [  7  48 403 189   0]
 [  3  12 135 137   0]]"
idridtest,0.029121729934099807,-0.036073565,0.041849315,0.1553398,0.13886276,0.79108196,"[[ 0  6  8 14  6]
 [ 0  1  2  2  0]
 [ 3  1  4 15  9]
 [ 1  3  2  8  5]
 [ 1  1  2  6  3]]"
retinal-lesion,0.005068309712694339,0.18951023,0.460999,0.41180164,0.29551888,0.84963,"[[110  42  13   1   0]
 [227  76  32   2   0]
 [244 179 417  89   0]
 [  3   4  39  53   0]
 [  1   7  12  42   0]]"
kaggletest,0.0031152947595693716,0.19890279,0.46581733,0.652587,0.30757117,0.85151035,"[[32372  4861  1526   621   153]
 [ 3050   509   142    50    11]
 [ 3785  1787  1590   616    83]
 [  191   170   447   383    23]
 [  143   121   266   567   109]]"
