Dataset Name,Test Loss,Test CohenKappa,Test QWK,Test Multiaccuracy,Test F1-Score,Test Specificity,Test Confusion Matrix
aptos2019,0.0036903179323393293,0.19961363,0.6677568,0.36482796,0.29691604,0.8492337,"[[ 492 1232   79    0    2]
 [  39   99  220   11    1]
 [  39   51  618  284    7]
 [   4    1   66  117    5]
 [   7   12  103  163   10]]"
ddrtest,0.0040867674632984515,0.17175102,0.53837496,0.3982442,0.32310146,0.84148324,"[[940 907  33   0   0]
 [103  68  16   1   1]
 [423 438 402  75   6]
 [  1   6  33  30   1]
 [ 23  15  81  99  57]]"
fgadr,0.0040016729590947155,0.12822121,0.4650464,0.36536375,0.2525841,0.82465315,"[[  3  85  13   0   0]
 [  3 142  64   3   0]
 [  6 223 349  17   0]
 [  1  21 446 179   0]
 [  0   8 154 125   0]]"
idridtest,0.028862099045688667,0.022111177,0.021428585,0.26213592,0.17380616,0.8036425,"[[ 0  9 18  6  1]
 [ 1  2  2  0  0]
 [ 2  1 21  6  2]
 [ 1  1 12  4  1]
 [ 1  2  9  1  0]]"
retinal-lesion,0.004400619454752029,0.2511928,0.49241185,0.5153798,0.35885474,0.85594356,"[[ 43  85  37   1   0]
 [ 62 172 100   3   0]
 [ 58 230 544  97   0]
 [  1   3  35  60   0]
 [  2   3  18  37   2]]"
kaggletest,0.0032668461239086935,0.19240946,0.42334914,0.6278184,0.30288225,0.8518095,"[[30566  5994  2238   500   235]
 [ 2734   788   197    30    13]
 [ 3520  2028  1951   287    75]
 [  168   174   635   218    19]
 [  145   106   464   378   113]]"
