Dataset Name,Test Loss,Test CohenKappa,Test QWK,Test Multiaccuracy,Test F1-Score,Test Specificity,Test Confusion Matrix
aptos2019,0.0036549659650355723,0.24620962,0.6666741,0.42708904,0.3059557,0.8620709,"[[818 762 216   9   0]
 [ 28 102 211  29   0]
 [ 46  89 522 342   0]
 [  4   4  63 122   0]
 [  7  11  85 192   0]]"
ddrtest,0.004120886373405731,0.20402825,0.5420985,0.48417133,0.25445554,0.8489018,"[[1490  378   11    1    0]
 [ 142   29   14    4    0]
 [ 619  358  266  101    0]
 [   5    8   23   35    0]
 [  22   23   72  158    0]]"
fgadr,0.006340928367631313,0.01984942,0.18486428,0.19001086,0.1549258,0.8027754,"[[ 55  37   9   0   0]
 [ 91 109  12   0   0]
 [136 295 164   0   0]
 [ 93 261 271  22   0]
 [ 29 108 117  33   0]]"
idridtest,0.026056377633104047,0.048356235,-0.019946694,0.2524272,0.17703064,0.8096817,"[[ 1  7 15 11  0]
 [ 0  2  2  1  0]
 [ 1  7 16  8  0]
 [ 0  5  7  7  0]
 [ 0  3  8  2  0]]"
retinal-lesion,0.00499605631124876,0.15691632,0.42818964,0.3979912,0.28768152,0.8388186,"[[ 80  68  18   0   0]
 [158 140  38   1   0]
 [180 300 375  74   0]
 [  1  12  47  39   0]
 [  2   4  22  34   0]]"
kaggletest,0.00317331573153959,0.17229962,0.40518516,0.6784381,0.25527382,0.8435018,"[[34622  3252  1381   278     0]
 [ 3320   323   104    15     0]
 [ 4707  1716  1225   213     0]
 [  263   311   462   178     0]
 [  181   208   456   361     0]]"
