Dataset Name,Test Loss,Test CohenKappa,Test QWK,Test Multiaccuracy,Test F1-Score,Test Specificity,Test Confusion Matrix
aptos2019,0.005365486030432775,0.2822312,0.43522304,0.5778263,0.31139606,0.8574387,"[[1709   90    6    0    0]
 [ 268   53   45    1    3]
 [ 520   83  319   58   19]
 [  60    9   89   25   10]
 [ 127   28   85   45   10]]"
ddrtest,0.006523625842432101,0.086125255,0.22596431,0.4886938,0.2465705,0.81721514,"[[1669  210    1    0    0]
 [ 176   10    2    1    0]
 [1099  105  126   13    1]
 [  26   12   19   12    2]
 [ 132   31   86    6   20]]"
fgadr,0.006908591290638579,0.098345816,0.28510708,0.25407165,0.24592087,0.8208678,"[[ 80  13   7   1   0]
 [159  35  16   2   0]
 [310  73 195  15   2]
 [174  76 248  93  56]
 [ 70  34  73  45  65]]"
idridtest,0.02901573088562604,-0.042853832,0.046263516,0.16504854,0.10276229,0.7907511,"[[ 3 20 11  0  0]
 [ 2  1  2  0  0]
 [ 8 11 13  0  0]
 [ 3  7  9  0  0]
 [ 1  6  6  0  0]]"
retinal-lesion,0.0078080852901269565,0.12843633,0.27409047,0.27558067,0.32387504,0.8313898,"[[150  12   4   0   0]
 [278  49   9   1   0]
 [621  65 165  75   3]
 [ 24   1  16  58   0]
 [ 18   2   8  17  17]]"
kaggletest,0.0037570030689773513,0.06857371,0.16086352,0.6978311,0.20600842,0.815136,"[[36689  1943   879    16     6]
 [ 3537   185    39     0     1]
 [ 6633   733   486     6     3]
 [  820   153   219    18     4]
 [  680   162   331    24     9]]"
