Dataset Name,Test Loss,Test CohenKappa,Test QWK,Test Multiaccuracy,Test F1-Score,Test Specificity,Test Confusion Matrix
aptos2019,0.03247683823662075,0.060128093,0.09936929,0.22364828,0.13164532,0.8166949,"[[ 422 1371   12    0    0]
 [  22  338   10    0    0]
 [ 106  833   59    1    0]
 [  45  130   18    0    0]
 [  33  237   24    1    0]]"
ddrtest,0.031949045398698965,0.027438045,0.08847898,0.21122639,0.115178674,0.8087746,"[[ 645 1235    0    0    0]
 [  58  130    1    0    0]
 [ 373  953   18    0    0]
 [  12   54    4    1    0]
 [  43  214   18    0    0]]"
fgadr,0.045006772011809706,0.020100713,0.013406515,0.15906623,0.104281045,0.8039216,"[[  8  89   4   0   0]
 [ 14 194   4   0   0]
 [ 22 486  86   1   0]
 [ 49 451 142   4   1]
 [ 51 199  33   3   1]]"
idridtest,0.051717198010787224,-0.003414631,0.029392004,0.058252428,0.030528586,0.7988548,"[[ 0 34  0  0  0]
 [ 0  5  0  0  0]
 [ 1 30  1  0  0]
 [ 0 16  3  0  0]
 [ 0 13  0  0  0]]"
retinal-lesion,0.03828091944678355,-0.009378672,0.01903683,0.15630884,0.095494136,0.79832834,"[[ 79  86   1   0   0]
 [184 152   1   0   0]
 [456 454  18   1   0]
 [ 49  43   6   0   1]
 [ 28  31   2   1   0]]"
kaggletest,0.027073645008327676,0.009489298,0.041007876,0.19751382,0.090851724,0.8056183,"[[ 7423 31800   307     1     2]
 [  673  3067    22     0     0]
 [ 1118  6651    92     0     0]
 [  150  1020    44     0     0]
 [  171   949    85     1     0]]"
