Dataset Name,Test Loss,Test CohenKappa,Test QWK,Test Multiaccuracy,Test F1-Score,Test Specificity,Test Confusion Matrix
aptos2019,0.026422437717848173,0.19517845,0.7051362,0.34352812,0.28934157,0.8550155,"[[814 885  59  42   5]
 [  3 113  78 154  22]
 [  1  79 112 634 173]
 [  0   3   7 106  77]
 [  0  11   9 162 113]]"
ddrtest,0.025401870948769178,0.2885357,0.6834512,0.51157224,0.3608443,0.86907744,"[[1570  302    4    4    0]
 [ 106   67    8    6    2]
 [ 430  568   99  182   65]
 [   2   16    6   29   18]
 [   4   16   23   74  158]]"
fgadr,0.028572100769813362,0.180471,0.54929155,0.35287732,0.33689833,0.8371186,"[[ 40  56   4   1   0]
 [ 52 148   8   4   0]
 [ 58 313 103 117   4]
 [  6 134 109 275 123]
 [  2  45  26 130  84]]"
idridtest,0.047074753103904354,0.03954619,0.025002956,0.19417475,0.14159617,0.80843765,"[[ 0  4  2 15 13]
 [ 0  0  0  5  0]
 [ 0  2  3 15 12]
 [ 0  0  1 11  7]
 [ 0  2  1  4  6]]"
retinal-lesion,0.029536564695857564,0.039753973,0.37190968,0.21280603,0.24448225,0.80769813,"[[119  45   0   1   1]
 [253  82   2   0   0]
 [313 456  86  70   4]
 [  3  17  32  41   6]
 [  1  15  10  25  11]]"
kaggletest,0.025589733924263357,0.13551468,0.38888073,0.4907608,0.27811617,0.8479371,"[[23283 12150  1304  2027   769]
 [ 2115  1382   110   120    35]
 [ 2014  3481   798  1222   346]
 [   43   325   209   495   142]
 [   24   171   126   550   335]]"
