Dataset Name,Test Loss,Test CohenKappa,Test QWK,Test Multiaccuracy,Test F1-Score,Test Specificity,Test Confusion Matrix
aptos2019,0.03009400896398439,0.20478278,0.43663788,0.40906608,0.24538296,0.8505893,"[[586 817 375  20   7]
 [ 15  85 262   8   0]
 [ 38 101 819  39   2]
 [ 13  21 151   8   0]
 [ 10  33 233  19   0]]"
ddrtest,0.031171241666637033,0.118267834,0.31996512,0.40063846,0.20906605,0.8307327,"[[1006  530  303   30   11]
 [  62   51   63    8    5]
 [ 438  408  449   40    9]
 [  21   25   25    0    0]
 [  13   28  216   18    0]]"
fgadr,0.05722070135071016,0.0155496,0.090137005,0.14820847,0.121992275,0.8031573,"[[ 73  25   3   0   0]
 [152  55   5   0   0]
 [287 184 123   1   0]
 [249 177 198  22   1]
 [127  85  66   9   0]]"
idridtest,0.04321149830679292,-0.008567929,-0.018691659,0.30097088,0.093233086,0.7983951,"[[ 0  0 33  1  0]
 [ 0  0  5  0  0]
 [ 0  1 31  0  0]
 [ 0  0 19  0  0]
 [ 0  0 13  0  0]]"
retinal-lesion,0.044028028555808396,0.0021905303,0.12456411,0.19334589,0.12932754,0.80091506,"[[124  27  15   0   0]
 [280  42  15   0   0]
 [594 192 138   4   1]
 [ 48  17  30   4   0]
 [ 18  11  29   4   0]]"
kaggletest,0.03485813761168636,0.019392848,0.040157616,0.20916082,0.13281143,0.806108,"[[ 5742  9332 18721  5238   500]
 [  701   979  1579   456    47]
 [  846  1537  4310  1105    63]
 [  108   180   747   173     6]
 [   43    86   893   182     2]]"
