Dataset Name,Test Loss,Test CohenKappa,Test QWK,Test Multiaccuracy,Test F1-Score,Test Specificity,Test Confusion Matrix
aptos2019,0.030734298888091375,0.14423817,0.25461864,0.46313488,0.23866878,0.8313845,"[[1267  376  132   20   10]
 [ 173   33  147    6   11]
 [ 481   52  384   23   59]
 [ 113    5   63    1   11]
 [ 145    9  122    8   11]]"
ddrtest,0.03217745090488679,0.02852285,0.15345615,0.35780793,0.19024819,0.8067338,"[[1098  595  122   61    4]
 [ 111   45   23    8    2]
 [ 736  343  183   72   10]
 [  43   23    5    0    0]
 [ 119    7  126    4   19]]"
fgadr,0.0452873686108087,0.07214713,0.26027238,0.18729642,0.19913714,0.81540585,"[[ 74  24   3   0   0]
 [142  63   7   0   0]
 [322 199  58   6  10]
 [177 187  98  48 137]
 [ 90  60  20  15 102]]"
idridtest,0.04374510570637231,-0.030962229,-0.01598525,0.27184466,0.15049818,0.7934636,"[[ 4  0 28  0  2]
 [ 1  0  2  1  1]
 [ 5  0 22  0  5]
 [ 3  0 15  1  0]
 [ 2  0  9  1  1]]"
retinal-lesion,0.047532992623395616,0.016305327,0.05755216,0.14438167,0.14936142,0.80351746,"[[135  28   3   0   0]
 [274  60   2   1   0]
 [732 157  21  13   6]
 [ 72  16   3   3   5]
 [ 46   2   3   0  11]]"
kaggletest,0.02889572940371865,0.008954763,0.014796793,0.38233536,0.18804914,0.8006915,"[[17221  7950  9832  4257   273]
 [ 1777   815   754   394    22]
 [ 3404  1342  2334   714    67]
 [  538   157   426    83    10]
 [  480    59   594    42    31]]"
