Dataset Name,Test Loss,Test CohenKappa,Test QWK,Test Multiaccuracy,Test F1-Score,Test Specificity,Test Confusion Matrix
aptos2019,0.02857297593814177,0.149311,0.6699275,0.30775532,0.2426326,0.8416023,"[[612 938 239  16   0]
 [  4  81 192  90   3]
 [  9  56 247 682   5]
 [  0   1  11 178   3]
 [  1  10  40 235   9]]"
ddrtest,0.028788115297045027,0.15400171,0.57060003,0.36871508,0.31442583,0.83718896,"[[954 897  24   4   1]
 [ 92  83   9   4   1]
 [449 487 219 151  38]
 [  5   6  13  44   3]
 [ 13  13  34 129  86]]"
fgadr,0.03288579472501425,0.15985906,0.33112293,0.35884908,0.25322825,0.8329228,"[[  2  85  14   0   0]
 [  1 184  26   1   0]
 [  3 313 260  19   0]
 [ 19 115 302 211   0]
 [ 18  53 109 103   4]]"
idridtest,0.06127422527202125,-0.04993701,0.038030267,0.13592233,0.117902234,0.78864205,"[[ 2  8  7 12  5]
 [ 0  1  2  2  0]
 [ 5  3  2 14  8]
 [ 0  5  1  8  5]
 [ 1  3  3  5  1]]"
retinal-lesion,0.03523181499509937,0.12965107,0.3600387,0.32705587,0.26871216,0.83252627,"[[106  29  29   2   0]
 [239  43  50   5   0]
 [357 100 295 177   0]
 [ 11   1  14  73   0]
 [ 11   2   7  38   4]]"
kaggletest,0.027274454011122506,0.16379249,0.43367147,0.5767321,0.2991355,0.8482533,"[[27941  7790  2212  1314   276]
 [ 2545   890   190   127    10]
 [ 3108  2053  1308  1256   136]
 [  150   164   247   615    38]
 [  108    96   142   715   145]]"
