Dataset Name,Test Loss,Test CohenKappa,Test QWK,Test Multiaccuracy,Test F1-Score,Test Specificity,Test Confusion Matrix
aptos2019,0.026883985063926825,0.21121311,0.64181465,0.39240852,0.28724968,0.85327667,"[[733 739 324   9   0]
 [ 58  84 191  37   0]
 [ 34  55 460 450   0]
 [  3   2  28 160   0]
 [  9  13  72 201   0]]"
ddrtest,0.02875947673195821,0.20737946,0.5352212,0.50704974,0.25038046,0.8471427,"[[1587  260   29    4    0]
 [ 146   27   12    4    0]
 [ 741  205  259  138    1]
 [  10    4   24   33    0]
 [  31    9   42  193    0]]"
fgadr,0.0270519657191961,0.25506526,0.50736445,0.46091205,0.32647136,0.8526157,"[[ 16  64  21   0   0]
 [ 26 104  79   3   0]
 [ 31 142 395  27   0]
 [ 27  32 254 334   0]
 [  7  11  63 206   0]]"
idridtest,0.05365098795844513,-0.03398633,-0.05749488,0.19417475,0.12945293,0.7925959,"[[ 3  6  7 18  0]
 [ 2  0  1  2  0]
 [ 4  1  7 20  0]
 [ 2  2  5 10  0]
 [ 4  1  3  5  0]]"
retinal-lesion,0.028785607085913437,0.16264015,0.42917424,0.37978658,0.27655447,0.83939695,"[[ 85  50  23   8   0]
 [162  85  76  14   0]
 [212 146 359 212   0]
 [  3   2  18  76   0]
 [  5   0   8  49   0]]"
kaggletest,0.024993201923829613,0.1762858,0.4042567,0.69081306,0.25964585,0.8407175,"[[35193  2008  1564   765     3]
 [ 3395   200   118    49     0]
 [ 5041   969  1320   531     0]
 [  336   121   460   297     0]
 [  250    69   310   576     1]]"
