Dataset Name,Test Loss,Test CohenKappa,Test QWK,Test Multiaccuracy,Test F1-Score,Test Specificity,Test Confusion Matrix
aptos2019,0.02746124133459536,0.098983824,0.6685451,0.24112506,0.19231696,0.8287829,"[[ 431 1216  135   23    0]
 [  17   60  159  134    0]
 [   6   39  213  741    0]
 [   2    0   12  179    0]
 [   2    5   23  265    0]]"
ddrtest,0.026892433127814006,0.21910745,0.62789965,0.46475127,0.24490574,0.85536486,"[[1452  395   26    7    0]
 [ 108   57   15    9    0]
 [ 490  396  194  264    0]
 [   5    5   17   44    0]
 [   8   14   18  235    0]]"
fgadr,0.03020328691029005,0.18736005,0.31808764,0.41313788,0.27504525,0.83848876,"[[  3  55  41   2   0]
 [  5 105  96   6   0]
 [ 14 117 332 132   0]
 [ 27  94 205 321   0]
 [ 13  35  69 170   0]]"
idridtest,0.053105038346596134,0.0046571493,0.021564662,0.19417475,0.08605504,0.8006083,"[[ 0  2  4 28  0]
 [ 0  0  0  5  0]
 [ 1  1  2 28  0]
 [ 0  0  1 18  0]
 [ 0  1  1 11  0]]"
retinal-lesion,0.03211093584995785,0.08128911,0.31820226,0.26490897,0.22706537,0.8198603,"[[117  41   8   0   0]
 [230  95  11   1   0]
 [362 327 165  75   0]
 [ 12  18  24  45   0]
 [  8   8  14  32   0]]"
kaggletest,0.027133768003022866,0.15614665,0.4085626,0.55571526,0.25266033,0.8486805,"[[26908  7312  2194  3119     0]
 [ 2531   784   240   207     0]
 [ 2759  1781  1373  1948     0]
 [  131   120   255   708     0]
 [   52    77    94   983     0]]"
