Dataset Name,Test Loss,Test CohenKappa,Test QWK,Test Multiaccuracy,Test F1-Score,Test Specificity,Test Confusion Matrix
aptos2019,0.02780609183595325,0.11833036,0.61988485,0.27307484,0.21842977,0.8314028,"[[ 393 1080  322   10    0]
 [  20   85  176   89    0]
 [  10   65  353  571    0]
 [   1    2   21  169    0]
 [   3    8   45  239    0]]"
ddrtest,0.026178520199592267,0.26932418,0.64279366,0.52008516,0.27584356,0.8644116,"[[1591  273   16    0    0]
 [ 111   54   20    4    0]
 [ 532  335  261  216    0]
 [   5    5   12   49    0]
 [  10   10   32  223    0]]"
fgadr,0.0308388936273697,0.17525035,0.29777312,0.39685124,0.2673901,0.8367296,"[[  5  46  50   0   0]
 [ 11  99  99   3   0]
 [ 19 169 361  46   0]
 [ 39  83 259 266   0]
 [ 13  34  99 141   0]]"
idridtest,0.05148049581398084,0.008673966,0.0012511611,0.21359223,0.15697095,0.80102473,"[[ 1  1  5 27  0]
 [ 0  1  2  2  0]
 [ 1  2  5 24  0]
 [ 1  0  3 15  0]
 [ 0  0  4  9  0]]"
retinal-lesion,0.030243803178149054,0.13958281,0.37302053,0.34337726,0.27104008,0.8351412,"[[ 95  52  16   3   0]
 [191 108  33   5   0]
 [295 243 284 107   0]
 [  6  10  23  60   0]
 [  6   3  11  42   0]]"
kaggletest,0.026673327798236033,0.13728905,0.37291068,0.53421307,0.25356394,0.8425941,"[[25357  7975  4005  2196     0]
 [ 2501   833   300   128     0]
 [ 2807  1894  1882  1278     0]
 [  129   157   379   549     0]
 [   70    89   207   840     0]]"
