Dataset Name,Test Loss,Test CohenKappa,Test QWK,Test Multiaccuracy,Test F1-Score,Test Specificity,Test Confusion Matrix
aptos2019,0.025524310958899805,0.23775285,0.7126616,0.40742764,0.3205881,0.86061716,"[[798 954  44   6   3]
 [ 72  97 155  46   0]
 [ 30  94 440 423  12]
 [  0   7  42 140   4]
 [  9  19  66 184  17]]"
ddrtest,0.03071020289474613,0.25754625,0.5736245,0.55360466,0.29514778,0.856615,"[[1796   74    6    3    1]
 [ 159   19    5    6    0]
 [ 763  252  198  123    8]
 [  10    9   17   32    3]
 [  18   19   46  156   36]]"
fgadr,0.04400901465669647,-0.0073298216,0.2214157,0.16775244,0.13702549,0.7966734,"[[ 16  83   2   0   0]
 [ 49 159   4   0   0]
 [ 90 435  67   3   0]
 [ 31 265 288  61   2]
 [  7 139  92  43   6]]"
idridtest,0.05933946313209904,0.03512889,0.07711822,0.26213592,0.17764866,0.8069394,"[[ 8  3  7 16  0]
 [ 2  0  2  1  0]
 [ 9  1  7 14  1]
 [ 2  2  2 12  1]
 [ 4  0  2  7  0]]"
retinal-lesion,0.033959606422692516,0.10252768,0.35509878,0.32391715,0.3057781,0.8262869,"[[ 99  57   9   1   0]
 [213  96  27   0   1]
 [329 279 281  37   3]
 [  8  14  50  27   0]
 [  3   5  16  25  13]]"
kaggletest,0.027059534371869323,0.15594608,0.38598353,0.6536322,0.26620007,0.8389654,"[[33000  3505  1962  1001    65]
 [ 3271   300   129    57     5]
 [ 4633  1268  1324   621    15]
 [  309   160   367   372     6]
 [  196   101   296   590    23]]"
