Dataset Name,Test Loss,Test CohenKappa,Test QWK,Test Multiaccuracy,Test F1-Score,Test Specificity,Test Confusion Matrix
aptos2019,0.02649706836478558,0.17567247,0.6961256,0.339432,0.25144354,0.847743,"[[724 954  86  40   1]
 [ 41  91 172  66   0]
 [ 34  74 255 636   0]
 [  3   3  14 173   0]
 [  4   4  42 245   0]]"
ddrtest,0.027171771270729627,0.2569208,0.6515579,0.50412345,0.25892672,0.86341953,"[[1577  271   21   10    1]
 [ 124   44   11   10    0]
 [ 491  376  229  247    1]
 [   5    6   15   45    0]
 [   4   14   13  244    0]]"
fgadr,0.025001359425978604,0.31420314,0.6306996,0.5038002,0.35581344,0.8648125,"[[ 12  70  19   0   0]
 [ 10 140  62   0   0]
 [ 18 214 323  40   0]
 [  3  24 167 453   0]
 [  0   7  51 229   0]]"
idridtest,0.055986834961233786,-0.0068660975,0.023980856,0.18446602,0.108474046,0.79719144,"[[ 1  4  2 27  0]
 [ 1  1  0  3  0]
 [ 3  1  0 28  0]
 [ 1  0  1 17  0]
 [ 1  1  1 10  0]]"
retinal-lesion,0.02879140336634749,0.18588847,0.46584225,0.4048964,0.29663813,0.84595454,"[[ 90  51  23   2   0]
 [171 101  55  10   0]
 [193 195 384 157   0]
 [  2   6  21  70   0]
 [  2   1  11  48   0]]"
kaggletest,0.027951758457810838,0.1605584,0.39104646,0.581529,0.24882445,0.8494477,"[[28741  5929  1551  3286    26]
 [ 2774   659   139   190     0]
 [ 2983  2119  1145  1606     8]
 [  112   182   312   608     0]
 [   89    83   153   878     3]]"
