Dataset Name,Test Loss,Test CohenKappa,Test QWK,Test Multiaccuracy,Test F1-Score,Test Specificity,Test Confusion Matrix
aptos2019,0.027388918373768348,0.09562743,0.60819435,0.23675588,0.22230193,0.82300675,"[[ 124 1487  192    1    1]
 [  11   93  239   24    3]
 [   9   81  492  408    9]
 [   1    3   40  138   11]
 [   1   16   90  168   20]]"
ddrtest,0.026155318611953828,0.14600027,0.54760313,0.3200319,0.28789684,0.8378912,"[[ 631 1205   38    1    5]
 [  50  117   20    2    0]
 [ 233  640  376   85   10]
 [   2    5   29   31    4]
 [   6   22   84  115   48]]"
fgadr,0.030246188081436903,0.15772414,0.41076148,0.3615635,0.28439677,0.8316341,"[[  1  88  12   0   0]
 [  3 167  42   0   0]
 [  7 311 274   1   2]
 [ 17  53 374 184  19]
 [  6  39 142  60  40]]"
idridtest,0.048616737995332886,0.00084882975,0.03781724,0.22330096,0.16407126,0.7996624,"[[ 0  5 16 12  1]
 [ 0  0  3  2  0]
 [ 0  6 14 10  2]
 [ 0  0 11  7  1]
 [ 0  3  5  3  2]]"
retinal-lesion,0.029126319283594968,0.16552883,0.37290317,0.42937854,0.37092215,0.83813864,"[[ 82  45  38   1   0]
 [165  86  86   0   0]
 [257 166 458  47   1]
 [  6   3  44  45   1]
 [  4   3  23  19  13]]"
kaggletest,0.02573166631425835,0.10824889,0.3451776,0.4266276,0.25813985,0.8374357,"[[18662 16559  3591   611   110]
 [ 1605  1812   311    26     8]
 [ 1954  3408  2052   399    48]
 [   78   297   568   264     7]
 [   57   196   452   434    67]]"
