Dataset Name,Test Loss,Test CohenKappa,Test QWK,Test Multiaccuracy,Test F1-Score,Test Specificity,Test Confusion Matrix
aptos2019,0.024973362309889738,0.34034783,0.7859647,0.5166576,0.30687144,0.8898433,"[[1462  227   95   21    0]
 [  27   52  149  142    0]
 [  18   27  199  755    0]
 [   1    1   12  179    0]
 [   0    3   31  261    0]]"
ddrtest,0.02748630477507465,0.25100696,0.6073563,0.5331205,0.26065823,0.85747623,"[[1698  145   32    5    0]
 [ 148   24   12    5    0]
 [ 682  228  233  201    0]
 [   9    4    9   49    0]
 [  12    8   25  230    0]]"
fgadr,0.02619422485204525,0.25512916,0.6064324,0.45656896,0.33997476,0.8524018,"[[ 55  32  12   2   0]
 [ 79  82  44   7   0]
 [ 92 124 202 177   0]
 [ 19  28  98 502   0]
 [  2   9  23 253   0]]"
idridtest,0.04858269969236503,0.025625646,0.05905968,0.23300971,0.16477412,0.8039613,"[[ 0  2 10 22  0]
 [ 0  1  2  2  0]
 [ 3  0  7 22  0]
 [ 0  0  3 16  0]
 [ 0  1  2 10  0]]"
retinal-lesion,0.03444797081237908,0.10554683,0.38119078,0.25235406,0.19983165,0.8260893,"[[147   8   8   3   0]
 [293  30  10   4   0]
 [468 110 155 196   0]
 [ 11   1  17  70   0]
 [  4   2   4  52   0]]"
kaggletest,0.02677643963725278,0.17268783,0.39689332,0.60674554,0.26446778,0.84828365,"[[29593  4117  3616  2207     0]
 [ 2853   482   311   116     0]
 [ 3397  1332  1882  1250     0]
 [  157   118   389   550     0]
 [   80    71   240   815     0]]"
