Dataset Name,Test Loss,Test CohenKappa,Test QWK,Test Multiaccuracy,Test F1-Score,Test Specificity,Test Confusion Matrix
aptos2019,0.031488668912099005,0.05047226,0.12907356,0.3525396,0.17926836,0.81224227,"[[1104  174   71  450    6]
 [ 207   17   32  113    1]
 [ 500   25   97  364   13]
 [  87    7   25   73    1]
 [ 160    2   23  110    0]]"
ddrtest,0.0347601458822739,-0.008794427,-0.028040886,0.29183292,0.13201317,0.7976291,"[[1033  122   26  698    1]
 [ 103   11    2   73    0]
 [ 755   60   32  495    2]
 [  47    1    4   19    0]
 [ 176    3   11   83    2]]"
fgadr,0.04674308417803819,0.013815165,0.21371561,0.17752443,0.15035343,0.8019182,"[[ 88  10   1   2   0]
 [174  15  10  13   0]
 [385  56  99  54   1]
 [224  55 240 116  12]
 [100  21  76  81   9]]"
idridtest,0.042026399408729334,0.031134069,-0.0074141026,0.3106796,0.16119048,0.80575335,"[[24  0  1  9  0]
 [ 2  0  1  2  0]
 [23  0  1  8  0]
 [12  0  0  7  0]
 [10  0  0  3  0]]"
retinal-lesion,0.04409412213712837,0.004565537,0.0086423755,0.1393597,0.1151836,0.8011507,"[[104   9  13  40   0]
 [202  22  16  95   2]
 [604  69  67 179  10]
 [ 49  13  10  27   0]
 [ 33   4   5  18   2]]"
kaggletest,0.029105643189556833,5.4955482e-05,-0.008316159,0.4667015,0.15409377,0.7998247,"[[24428   558   256 14241    50]
 [ 2211    77    25  1444     5]
 [ 4988   113    86  2651    23]
 [  742    21    38   411     2]
 [  762    10    40   392     2]]"
