Dataset Name,Test Loss,Test CohenKappa,Test QWK,Test Multiaccuracy,Test F1-Score,Test Specificity,Test Confusion Matrix
aptos2019,0.003912364896173233,0.11831671,0.6429526,0.2561442,0.23139042,0.8306195,"[[ 288 1382   76   59    0]
 [  17   80  215   56    2]
 [  12   42  389  548    8]
 [   0    2   19  167    5]
 [   3   12   48  218   14]]"
ddrtest,0.004313236349724366,0.06832826,0.48271686,0.22798617,0.24619736,0.81545615,"[[ 436 1431    8    5    0]
 [  65  113    3    6    2]
 [ 329  664  204  132   15]
 [   7    8   16   37    3]
 [  13   35   31  129   67]]"
fgadr,0.003588456154905106,0.27518225,0.59542525,0.45656896,0.33557403,0.8577967,"[[  8  85   7   1   0]
 [  9 175  23   5   0]
 [ 19 317 183  75   1]
 [  4  73 111 454   5]
 [  4  18  29 215  21]]"
idridtest,0.03437744992450603,-0.054311275,-0.02278769,0.17475729,0.15655276,0.78755105,"[[ 6  7 11  5  5]
 [ 2  1  2  0  0]
 [ 8  5  5  6  8]
 [ 3  2  5  6  3]
 [ 4  3  4  2  0]]"
retinal-lesion,0.004753451862203498,0.1350649,0.43635553,0.2856246,0.24775085,0.83113813,"[[ 43  88  12  23   0]
 [ 95 185  20  37   0]
 [122 262 130 414   1]
 [  1   3   2  93   0]
 [  1   0   3  54   4]]"
kaggletest,0.0036920730691534986,0.07561666,0.30811948,0.4461886,0.2578104,0.8222642,"[[20702 16230  1320  1166   115]
 [ 1932  1656    80    83    11]
 [ 3318  2785  1063   647    48]
 [  294   229   300   373    18]
 [  170   150   214   561   111]]"
