Dataset Name,Test Loss,Test CohenKappa,Test QWK,Test Multiaccuracy,Test F1-Score,Test Specificity,Test Confusion Matrix
aptos2019,0.0039037441308872093,0.1462354,0.6181631,0.3036592,0.27839106,0.8376814,"[[ 426 1103  199   68    9]
 [  27   50  232   54    7]
 [  21   26  439  464   49]
 [   1    0   30  145   17]
 [   2    5   60  176   52]]"
ddrtest,0.004036392960087927,0.122633755,0.54822874,0.32801276,0.30295306,0.82855165,"[[ 682 1036  148    5    9]
 [  94   68   16    7    4]
 [ 387  370  342  191   54]
 [   2    2   26   34    7]
 [   5   13   27  123  107]]"
fgadr,0.003246738390347857,0.3001864,0.61757255,0.49239957,0.37153804,0.8617082,"[[ 14  70  14   3   0]
 [ 15 125  62   9   1]
 [ 19 209 261  99   7]
 [  8  21 134 481   3]
 [  5   6  24 226  26]]"
idridtest,0.04357426837810035,0.01210326,0.060720265,0.18446602,0.14825398,0.80153215,"[[ 1  3  7  9 14]
 [ 0  0  2  1  2]
 [ 1  1  4  6 20]
 [ 0  1  4  6  8]
 [ 0  1  3  1  8]]"
retinal-lesion,0.004674892566223528,0.11345172,0.38385922,0.31763968,0.24849424,0.82474124,"[[ 46  53  40  27   0]
 [ 91  96  91  58   1]
 [111 104 275 439   0]
 [  0   1  11  87   0]
 [  2   1   4  53   2]]"
kaggletest,0.0038886928164070713,0.12733942,0.33353513,0.48992085,0.28169036,0.8395608,"[[22594 10548  3068  2284  1039]
 [ 2008  1189   319   125   121]
 [ 2713  1813  1721  1108   506]
 [  138   114   392   399   171]
 [   73    68   192   528   345]]"
