Dataset Name,Test Loss,Test CohenKappa,Test QWK,Test Multiaccuracy,Test F1-Score,Test Specificity,Test Confusion Matrix
aptos2019,0.00379296790570395,0.11842328,0.65388477,0.2452212,0.26273936,0.8281872,"[[ 103 1635   64    0    3]
 [   2  111  217   28   12]
 [   3   81  493  366   56]
 [   0    5   35  124   29]
 [   1   17   62  148   67]]"
ddrtest,0.003747628800061574,0.09289664,0.54521865,0.19872306,0.26060408,0.8221272,"[[ 123 1734   23    0    0]
 [  19  140   23    5    2]
 [ 101  756  343   95   49]
 [   2    7   25   30    7]
 [   2   30   46   86  111]]"
fgadr,0.004569435029024669,0.113450766,0.34487903,0.3262758,0.24107295,0.82179993,"[[  0  89  12   0   0]
 [  0 164  45   2   1]
 [  0 268 302  20   5]
 [  0 133 396 100  18]
 [  0  59 127  66  35]]"
idridtest,0.035663438074797105,-0.041791797,-0.037494183,0.116504855,0.092830196,0.7922187,"[[ 0  8  6  4 16]
 [ 0  0  2  1  2]
 [ 0  8  7  3 14]
 [ 0  3  4  1 11]
 [ 0  5  2  2  4]]"
retinal-lesion,0.004621137333455059,0.20610541,0.42665744,0.4764595,0.3348692,0.84736544,"[[ 24 109  32   1   0]
 [ 51 217  69   0   0]
 [ 70 322 477  57   3]
 [  2   7  55  35   0]
 [  2   6  17  31   6]]"
kaggletest,0.0035664980244561775,0.06183511,0.28514725,0.24958937,0.2172786,0.8210306,"[[ 8317 27245  2890   703   378]
 [  693  2731   280    35    23]
 [  853  4519  1899   412   178]
 [   37   332   535   262    48]
 [   34   242   323   444   163]]"
