Dataset Name,Test Loss,Test CohenKappa,Test QWK,Test Multiaccuracy,Test F1-Score,Test Specificity,Test Confusion Matrix
aptos2019,0.0035775274868417735,0.36732876,0.7409842,0.53631896,0.40835065,0.88841224,"[[1056  711   29    3    6]
 [  35  100  207   14   14]
 [  28   62  670  179   60]
 [   2    2   89   87   13]
 [   8   13  101  122   51]]"
ddrtest,0.004275602525648649,0.2681768,0.56973326,0.5179569,0.39671338,0.85919815,"[[1458  412    5    0    5]
 [ 108   67    8    3    3]
 [ 595  361  264   58   66]
 [   5    9   21   32    4]
 [  31   26   45   47  126]]"
fgadr,0.004634890636584917,0.17969978,0.39821404,0.36536375,0.30913955,0.83809,"[[ 27  68   5   1   0]
 [ 56 129  21   4   2]
 [104 246 201  29  15]
 [ 74  37 242 287   7]
 [ 35  14  74 135  29]]"
idridtest,0.04119136958446318,-0.031199098,-0.00064361095,0.16504854,0.1381054,0.79325306,"[[ 1  6 11  1 15]
 [ 1  1  1  0  2]
 [ 3  2 10  0 17]
 [ 0  2  6  1 10]
 [ 1  2  6  0  4]]"
retinal-lesion,0.00856192966564152,0.10097098,0.24464321,0.26804772,0.22847104,0.8278108,"[[150  12   3   0   1]
 [316  15   6   0   0]
 [598  39 217  72   3]
 [ 30   1  27  41   0]
 [ 25   0  16  17   4]]"
kaggletest,0.003479024131956324,0.14499557,0.38154018,0.60381514,0.30097592,0.8391577,"[[29861  7059  1530   215   868]
 [ 2880   700   107     8    67]
 [ 4058  1858  1255   204   486]
 [  248   200   405   216   145]
 [  170   114   296   308   318]]"
