Dataset Name,Test Loss,Test CohenKappa,Test QWK,Test Multiaccuracy,Test F1-Score,Test Specificity,Test Confusion Matrix
aptos2019,0.0032057390715631872,0.3400535,0.7990579,0.5114691,0.3441168,0.88749325,"[[1273  491   40    1    0]
 [  33   65  192   78    2]
 [  14   43  366  561   15]
 [   0    2   24  156   11]
 [   3    7   38  234   13]]"
ddrtest,0.0037248464745706497,0.26475406,0.61410785,0.5198191,0.3513841,0.8604388,"[[1544  317   18    1    0]
 [ 133   39   11    6    0]
 [ 573  335  248  165   23]
 [   7    4   16   42    2]
 [  20   20   29  125   81]]"
fgadr,0.004293967406472735,0.11444646,0.41336042,0.31813246,0.26699513,0.8223974,"[[ 49  44   8   0   0]
 [ 62 129  17   4   0]
 [ 81 260 204  50   0]
 [ 37  97 309 204   0]
 [ 20  29  82 156   0]]"
idridtest,0.034924109005233614,-0.05423522,0.0015146732,0.1553398,0.10119352,0.78784674,"[[ 0  2 10 16  6]
 [ 0  0  3  1  1]
 [ 0  3  4 20  5]
 [ 0  0  4 11  4]
 [ 0  1  5  6  1]]"
retinal-lesion,0.005374353334578941,0.12291545,0.37908763,0.30634025,0.24478427,0.83097994,"[[126  31   8   1   0]
 [244  75  13   5   0]
 [373 202 232 121   1]
 [ 10   4  30  55   0]
 [  4   3  15  40   0]]"
kaggletest,0.003211792748117155,0.18886858,0.43083894,0.6597917,0.30551493,0.84593284,"[[32773  3476  2329   789   166]
 [ 3056   417   208    71    10]
 [ 4376  1050  1615   732    88]
 [  250   118   385   437    24]
 [  162    61   275   601   107]]"
