Dataset Name,Test Loss,Test CohenKappa,Test QWK,Test Multiaccuracy,Test F1-Score,Test Specificity,Test Confusion Matrix
aptos2019,0.0034154051317666022,0.32632256,0.7414465,0.5019115,0.37339097,0.880976,"[[1199  425  166    5   10]
 [  76  125  115   50    4]
 [  45  111  322  505   16]
 [   1    4   24  156    8]
 [   6   15   20  218   36]]"
ddrtest,0.004784403027420064,0.18311238,0.42018455,0.46288908,0.35832664,0.83898365,"[[955 250 664   4   7]
 [101  39  44   4   1]
 [412 153 623 141  15]
 [  4   0  30  35   2]
 [ 32  28  32  95  88]]"
fgadr,0.004287381125583711,0.1441769,0.35360324,0.4136808,0.25629923,0.82867706,"[[ 11  16  73   1   0]
 [ 19  20 164   9   0]
 [ 16  21 496  62   0]
 [  4   3 411 229   0]
 [  1   1 140 139   6]]"
idridtest,0.03881807466155117,0.03715247,0.05095148,0.24271844,0.17826724,0.8068178,"[[ 1  0  8 22  3]
 [ 0  0  4  1  0]
 [ 1  1  8 17  5]
 [ 0  0  5 13  1]
 [ 0  0  3  7  3]]"
retinal-lesion,0.005411285465046511,0.15653932,0.41281843,0.38355306,0.34710297,0.83549035,"[[ 98  29  35   2   2]
 [192  59  79   3   4]
 [283 120 371 131  24]
 [  3   0  31  62   3]
 [  0   4  12  25  21]]"
kaggletest,0.003685039647643346,0.14547509,0.35803354,0.53154397,0.31234613,0.84296685,"[[24184  7303  7444   251   351]
 [ 2079   721   914    17    31]
 [ 2887  1347  2991   497   139]
 [  145    70   549   420    30]
 [  103   103   283   555   162]]"
