Dataset Name,Test Loss,Test CohenKappa,Test QWK,Test Multiaccuracy,Test F1-Score,Test Specificity,Test Confusion Matrix
aptos2019,0.0036261932306899066,0.24914825,0.7218821,0.41916984,0.32577235,0.8661357,"[[967 659 152  24   3]
 [ 24  68 190  81   7]
 [ 14  62 296 602  25]
 [  1   2  16 162  12]
 [  2  12  33 206  42]]"
ddrtest,0.004204761572865991,0.2617646,0.6024929,0.5363129,0.34694794,0.85706604,"[[1644  199   32    5    0]
 [ 143   21   19    5    1]
 [ 700  183  212  224   25]
 [   6    1    8   53    3]
 [  21   21   17  130   86]]"
fgadr,0.005142198258709571,0.16750348,0.30379683,0.32410422,0.2764489,0.8377316,"[[ 49  47   3   2   0]
 [ 95  99   8  10   0]
 [155 252  59 123   6]
 [171  89  10 346  31]
 [ 62  41   1 139  44]]"
idridtest,0.037629652949212826,-0.01396513,0.074341,0.16504854,0.1305438,0.79692507,"[[ 0  6  8 10 10]
 [ 0  0  2  2  1]
 [ 0  1  6 12 13]
 [ 0  3  3  6  7]
 [ 0  1  3  4  5]]"
retinal-lesion,0.005420794220593315,0.08996576,0.39756727,0.21720025,0.20167169,0.8187715,"[[110  32  12  12   0]
 [228  71  21  17   0]
 [345 134  75 374   1]
 [ 10   0   2  87   0]
 [  2   2   3  52   3]]"
kaggletest,0.0035020552794755673,0.17325848,0.40692765,0.6147902,0.31102476,0.8453362,"[[29872  4843  3378  1153   287]
 [ 2792   536   334    72    28]
 [ 3804  1122  1838   992   105]
 [  215    84   354   534    27]
 [  123    90   197   638   158]]"
