Dataset Name,Test Loss,Test CohenKappa,Test QWK,Test Multiaccuracy,Test F1-Score,Test Specificity,Test Confusion Matrix
aptos2019,0.004070111534622834,0.14333963,0.44293797,0.3145822,0.26860443,0.83606386,"[[ 379 1118  258    1   49]
 [  19  160  175    6   10]
 [  32  272  535  102   58]
 [   3   36  104   37   13]
 [   6   64  115   69   41]]"
ddrtest,0.004176591615405416,0.083244324,0.22601795,0.29183292,0.22476089,0.82122463,"[[680 963 100   3 134]
 [ 50 115  18   2   4]
 [382 638 254  28  42]
 [ 12  11  36  10   2]
 [ 13  95  88  41  38]]"
fgadr,0.004623537990350547,0.12068403,0.21015078,0.28773072,0.2487548,0.8270997,"[[ 31  55  13   2   0]
 [ 55 123  32   2   0]
 [113 259 188  34   1]
 [ 72 263 134 170   8]
 [ 36 101  45  87  18]]"
idridtest,0.02115675778064913,0.07633424,0.017266452,0.2038835,0.1923943,0.8147664,"[[ 0  4  5  1 24]
 [ 0  4  0  0  1]
 [ 0  4  4  3 21]
 [ 0  6  2  2  9]
 [ 0  0  1  1 11]]"
retinal-lesion,0.00516053714321158,0.14205462,0.29002553,0.36032644,0.3108345,0.8336046,"[[ 79  60  25   2   0]
 [154 127  52   4   0]
 [302 218 306 102   1]
 [ 12   5  24  57   1]
 [ 14   8  16  19   5]]"
kaggletest,0.0037899366644615377,0.018783152,0.04705149,0.16094893,0.11692192,0.8070643,"[[ 4991 26966  1371   544  5661]
 [  421  2673   125    36   507]
 [  734  5137   705   202  1083]
 [   83   635   250    59   187]
 [   70   608   220   113   195]]"
