Dataset Name,Test Loss,Test CohenKappa,Test QWK,Test Multiaccuracy,Test F1-Score,Test Specificity,Test Confusion Matrix
aptos2019,0.0036797505594354583,0.13058811,0.66820145,0.26460952,0.25375438,0.83257097,"[[ 272 1480   48    3    2]
 [  24  143  157   45    1]
 [  15  134  382  457   11]
 [   0   10   27  149    7]
 [   6   15   43  208   23]]"
ddrtest,0.003939704712352463,0.09990108,0.5179123,0.26656026,0.2657979,0.8246001,"[[ 553 1301   26    0    0]
 [  60  112   10    6    1]
 [ 299  631  229  160   25]
 [   8    7   13   39    4]
 [  20   30   23  133   69]]"
fgadr,0.0038346277386047166,0.21151882,0.51735616,0.40173724,0.31392,0.8435108,"[[  3  92   6   0   0]
 [  3 182  25   2   0]
 [  8 334 231  20   2]
 [  8  83 263 287   6]
 [  7  22  72 149  37]]"
idridtest,0.035054482302619414,0.015732467,0.08849561,0.2038835,0.14528814,0.80316985,"[[ 0  6  6 21  1]
 [ 0  0  2  3  0]
 [ 1  2  7 13  9]
 [ 0  0  4 12  3]
 [ 0  2  3  6  2]]"
retinal-lesion,0.005622319881824749,0.13560599,0.33881474,0.29943502,0.2842458,0.83428645,"[[110  42  10   4   0]
 [220  84  23   9   1]
 [409 122 208 188   2]
 [ 17   4  11  67   0]
 [ 10   3   3  38   8]]"
kaggletest,0.0034577274244188,0.076799095,0.34022385,0.34677842,0.2452287,0.8254887,"[[14445 21786  1630  1362   310]
 [ 1236  2241   147   112    26]
 [ 1893  3494  1190  1150   134]
 [  100   247   275   570    22]
 [   91   146   145   691   133]]"
