Dataset Name,Test Loss,Test CohenKappa,Test QWK,Test Multiaccuracy,Test F1-Score,Test Specificity,Test Confusion Matrix
aptos2019,0.00364836521450774,0.2752306,0.72703326,0.44483888,0.35977232,0.87014997,"[[919 695 180   1  10]
 [ 27  80 217  36  10]
 [ 11  49 428 460  51]
 [  0   1  30 142  20]
 [  0  11  45 179  60]]"
ddrtest,0.004092162960100187,0.18916035,0.5636939,0.38015428,0.38677162,0.84345394,"[[ 632 1075  172    0    1]
 [  86   74   26    3    0]
 [ 278  388  528   92   58]
 [   3    5   23   33    7]
 [  23   23   22   45  162]]"
fgadr,0.004284651996517285,0.23185277,0.472125,0.44136807,0.32872707,0.8480324,"[[ 30  49  19   3   0]
 [ 62  75  60  15   0]
 [ 63 111 282 139   0]
 [ 39  17 176 415   0]
 [ 18  15  49 194  11]]"
idridtest,0.04834324642292504,-0.0120482445,-0.020404458,0.18446602,0.13807082,0.797696,"[[ 1  0  5 19  9]
 [ 0  0  3  2  0]
 [ 0  2  6 14 10]
 [ 0  0  6  9  4]
 [ 0  1  2  7  3]]"
retinal-lesion,0.005171870556703844,0.21401197,0.47816634,0.43879473,0.39713782,0.85068303,"[[105  27  33   1   0]
 [207  45  80   5   0]
 [243  78 453 149   6]
 [  6   0  20  73   0]
 [  1   1  11  26  23]]"
kaggletest,0.0039488675813452775,0.13932705,0.35959864,0.4707705,0.3125177,0.8427473,"[[19983 10513  8199   511   327]
 [ 1828  1013   868    35    18]
 [ 1983  1546  3583   585   164]
 [   66    88   582   419    59]
 [   60    85   309   528   224]]"
