Dataset Name,Test Loss,Test CohenKappa,Test QWK,Test Multiaccuracy,Test F1-Score,Test Specificity,Test Confusion Matrix
aptos2019,0.004046678412878598,0.1216712,0.61207145,0.28427088,0.2498307,0.8325444,"[[435 974 394   1   1]
 [ 11  76 210  68   5]
 [  5  77 350 553  14]
 [  0   3  30 152   8]
 [  6   9  48 204  28]]"
ddrtest,0.004048426470308742,0.17574143,0.54939795,0.41766426,0.33545193,0.8407254,"[[1068  716   96    0    0]
 [ 104   58   22    4    1]
 [ 511  327  320  166   20]
 [   7    4   13   46    1]
 [  18   17   50  112   78]]"
fgadr,0.0035238447199685825,0.22217,0.5250263,0.44353962,0.3042872,0.8445921,"[[  1  70  29   1   0]
 [  5 125  72  10   0]
 [  5 166 319 104   1]
 [  0  32 253 361   1]
 [  0  13  74 189  11]]"
idridtest,0.036945958739345516,-0.03380251,0.10185349,0.1553398,0.12694883,0.79207355,"[[ 0  6 10 11  7]
 [ 0  0  3  1  1]
 [ 1  5  6  9 11]
 [ 0  1  6  5  7]
 [ 0  2  2  4  5]]"
retinal-lesion,0.004671618688503153,0.1557554,0.42183942,0.39610797,0.3049252,0.8356111,"[[ 78  28  52   8   0]
 [163  55 108  10   1]
 [202  95 413 219   0]
 [  7   1  12  79   0]
 [  1   0   8  47   6]]"
kaggletest,0.0033610070532287114,0.14400458,0.39248264,0.5566112,0.30461088,0.8427159,"[[26676  9125  2856   630   246]
 [ 2424  1011   257    46    24]
 [ 3232  2332  1559   625   113]
 [  190   249   326   408    41]
 [  120   172   252   495   167]]"
