Dataset Name,Test Loss,Test CohenKappa,Test QWK,Test Multiaccuracy,Test F1-Score,Test Specificity,Test Confusion Matrix
aptos2019,0.003860760685656645,0.0991177,0.60888845,0.26897871,0.1883954,0.8305111,"[[594 712 445  54   0]
 [ 23   9 184 154   0]
 [  6   4 198 791   0]
 [  1   0   8 184   0]
 [  0   0  18 277   0]]"
ddrtest,0.0035500409407132356,0.17686349,0.58822125,0.43362597,0.24053237,0.8436442,"[[1266  545   64    5    0]
 [ 104   48   27   10    0]
 [ 568  242  273  261    0]
 [   6    4   18   43    0]
 [   9    7   17  242    0]]"
fgadr,0.0034023013358266295,0.22095108,0.51084113,0.4538545,0.30419987,0.84490895,"[[ 13  48  37   3   0]
 [ 27  61 117   7   0]
 [ 38  70 348 139   0]
 [ 17  11 205 414   0]
 [  3   4  53 227   0]]"
idridtest,0.03334759277047463,0.0044789314,-0.0020070076,0.2038835,0.098334014,0.8007425,"[[ 0  0  4 30  0]
 [ 0  0  2  3  0]
 [ 0  1  4 27  0]
 [ 0  0  2 17  0]
 [ 0  0  2 11  0]]"
retinal-lesion,0.004418028575851718,0.13282943,0.42581105,0.36472064,0.23369607,0.8317337,"[[101  12  44   9   0]
 [206  19  99  13   0]
 [258  23 393 255   0]
 [  6   0  25  68   0]
 [  0   0   5  57   0]]"
kaggletest,0.003328920124946681,0.14817506,0.36981726,0.5579364,0.25106254,0.8446267,"[[26868  5892  3486  3287     0]
 [ 2571   566   422   203     0]
 [ 3078  1229  1854  1700     0]
 [  139    92   379   604     0]
 [   67    44   160   935     0]]"
