Dataset Name,Test Loss,Test CohenKappa,Test QWK,Test Multiaccuracy,Test F1-Score,Test Specificity,Test Confusion Matrix
aptos2019,0.003522558234416351,0.16375428,0.7240908,0.30720916,0.28049284,0.84430337,"[[ 555 1205   43    1    1]
 [   7  113  179   61   10]
 [   4  132  249  593   21]
 [   0    2   12  169   10]
 [   0   10   31  215   39]]"
ddrtest,0.004004793555281777,0.13300765,0.5294756,0.31444532,0.32871583,0.8318907,"[[ 622 1203   55    0    0]
 [  78  102    7    1    1]
 [ 306  613  315   85   25]
 [   0   12   28   27    4]
 [  18   30   48   63  116]]"
fgadr,0.004749288517540881,0.1512931,0.34557575,0.37079263,0.26288855,0.8305181,"[[  3  78  18   2   0]
 [  4 149  52   7   0]
 [  0 214 274 106   1]
 [  0 118 277 251   1]
 [  0  61 107 113   6]]"
idridtest,0.04155442784133467,-0.01195538,0.0093081,0.19417475,0.13848135,0.798298,"[[ 0  1  9 21  3]
 [ 0  0  2  3  0]
 [ 0  1 10 14  7]
 [ 0  1  7  8  3]
 [ 0  2  0  9  2]]"
retinal-lesion,0.004548129463674733,0.1950534,0.4965042,0.38857502,0.37749618,0.8461045,"[[ 71  81  11   3   0]
 [126 169  35   7   0]
 [144 321 284 170  10]
 [  2   6  14  77   0]
 [  0   4   8  32  18]]"
kaggletest,0.003494957987899404,0.09929687,0.35740864,0.36540616,0.27362594,0.83365124,"[[14658 20452  3759   524   140]
 [ 1146  2178   385    37    16]
 [ 1518  3491  2191   599    62]
 [   69   226   484   418    17]
 [   51   199   253   571   132]]"
