Dataset Name,Test Loss,Test CohenKappa,Test QWK,Test Multiaccuracy,Test F1-Score,Test Specificity,Test Confusion Matrix
aptos2019,0.004576524771477341,0.22492647,0.4249385,0.4860732,0.31991065,0.8487421,"[[1209  548   48    0    0]
 [ 175  104   88    3    0]
 [ 370  139  415   71    4]
 [  47   16   87   40    3]
 [ 110   29   83   61   12]]"
ddrtest,0.0056049493945447264,0.051413298,0.1652124,0.40622506,0.22872767,0.81048083,"[[1353  513   12    2    0]
 [ 145   41    1    2    0]
 [ 905  325   96   16    2]
 [  31   13   15   10    2]
 [ 169   27   29   23   27]]"
fgadr,0.006795001599480611,0.12631905,0.29228646,0.25461456,0.25327945,0.82905126,"[[ 34  65   2   0   0]
 [ 88 119   4   1   0]
 [176 300  98  15   6]
 [112 210  49 125 151]
 [ 64  79  10  41  93]]"
idridtest,0.02708663292301511,0.032287896,0.062237322,0.3106796,0.18315998,0.80659235,"[[22  6  6  0  0]
 [ 5  0  0  0  0]
 [18  4  8  2  0]
 [13  1  3  2  0]
 [ 8  1  4  0  0]]"
retinal-lesion,0.007965503589057803,0.067876816,0.21138573,0.22975518,0.25778714,0.8170412,"[[114  45   7   0   0]
 [259  68   9   1   0]
 [569 165 133  54   8]
 [ 27  10  20  41   1]
 [ 23   4   9  16  10]]"
kaggletest,0.0035360408386437238,0.02954024,0.0704661,0.67554504,0.2025166,0.8058162,"[[35586  3754   144    34    15]
 [ 3339   401    18     1     3]
 [ 6859   822   160    17     3]
 [  965   122    93    34     0]
 [  992    77    53    72    12]]"
